,precision,recall,f1-score,support
0,0.30548302872062666,0.3577981651376147,0.3295774647887324,327.0
1,0.4642857142857143,0.08843537414965986,0.14857142857142858,147.0
2,0.3651685393258427,0.19402985074626866,0.253411306042885,335.0
3,0.7959183673469388,0.5909090909090909,0.6782608695652174,66.0
4,0.7366489264085153,0.9107203630175836,0.8144879013848729,8815.0
5,0.5,0.5387096774193548,0.5186335403726708,310.0
6,0.0,0.0,0.0,135.0
7,0.0,0.0,0.0,136.0
8,0.0,0.0,0.0,145.0
9,0.0,0.0,0.0,392.0
10,0.07142857142857142,0.01282051282051282,0.021739130434782608,78.0
11,0.20388648982109808,0.33949666153055985,0.25476970514550007,1947.0
12,0.15384615384615385,0.02247191011235955,0.0392156862745098,89.0
13,0.0,0.0,0.0,119.0
14,0.2857142857142857,0.012658227848101266,0.024242424242424242,158.0
15,0.75,0.03680981595092025,0.07017543859649122,163.0
16,0.0,0.0,0.0,279.0
17,0.14091470951792337,0.09904430929626412,0.1163265306122449,1151.0
18,0.7215992198927352,0.8599651365485182,0.784729586426299,1721.0
19,0.0,0.0,0.0,25.0
20,0.2727272727272727,0.016574585635359115,0.03125,181.0
21,0.0,0.0,0.0,79.0
22,0.0,0.0,0.0,135.0
23,0.49411764705882355,0.11570247933884298,0.1875,363.0
24,0.0,0.0,0.0,160.0
25,0.125,0.006993006993006993,0.01324503311258278,143.0
26,0.0,0.0,0.0,37.0
27,0.6,0.04152249134948097,0.07766990291262135,289.0
28,0.0,0.0,0.0,180.0
29,0.99233007140968,0.9955555555555555,0.9939401966952548,30150.0
30,0.5,0.008403361344537815,0.01652892561983471,119.0
31,0.0,0.0,0.0,73.0
32,0.3276157804459691,0.4983692106979778,0.3953428201811125,1533.0
33,0.2727272727272727,0.0196078431372549,0.03658536585365854,153.0
34,0.2,0.012195121951219513,0.02298850574712644,82.0
35,0.26136363636363635,0.044573643410852716,0.076158940397351,516.0
36,0.36752136752136755,0.08285163776493257,0.13522012578616355,519.0
37,0.2,0.021739130434782608,0.0392156862745098,46.0
38,0.967495760316563,0.9862279589719949,0.9767720579842484,17354.0
accuracy,0.8553532410779315,0.8553532410779315,0.8553532410779315,0.8553532410779315
macro avg,0.28399468756099977,0.17728679800186167,0.1809373993082698,68650.0
weighted avg,0.8312104864795369,0.8553532410779315,0.8353053139565721,68650.0
Total_training_time(s),968.3939875005744,,,
Input_size,34,,,
